{"schemaVersion":"visual-china.rivers-chunk.v1","chunkX":10,"chunkZ":6,"bounds":{"west":83.24,"east":84.264,"north":47.856,"south":46.832},"minOrder":3,"polylineCount":2,"polylines":[{"id":40122222,"ord":3,"flow":0.138,"coords":[[83.24375,47.10625],[83.23125,47.09375]]},{"id":40129761,"ord":3,"flow":1.138,"coords":[[84.25625,46.84792],[84.25208,46.84792],[84.24375,46.83958],[84.24375,46.83542],[84.23958,46.83542],[84.23125,46.82708]]}]}