{"schemaVersion":"visual-china.rivers-chunk.v1","chunkX":11,"chunkZ":6,"bounds":{"west":84.264,"east":85.288,"north":47.856,"south":46.832},"minOrder":3,"polylineCount":3,"polylines":[{"id":40128219,"ord":3,"flow":0.8,"coords":[[84.28125,46.86042],[84.27708,46.86042]]},{"id":40128220,"ord":3,"flow":0.697,"coords":[[84.34792,46.86042],[84.31458,46.86042],[84.31042,46.86458],[84.29792,46.86458],[84.29375,46.86042],[84.28125,46.86042]]},{"id":40128584,"ord":3,"flow":0.969,"coords":[[84.27708,46.86042],[84.26875,46.86042],[84.25625,46.84792]]}]}