{"schemaVersion":"visual-china.rivers-chunk.v1","chunkX":20,"chunkZ":35,"bounds":{"west":93.48,"east":94.504,"north":18.159999999999997,"south":17.135999999999996},"minOrder":3,"polylineCount":3,"polylines":[{"id":41239257,"ord":4,"flow":44.148,"coords":[[94.46042,18.15625],[94.45625,18.15208]]},{"id":41239567,"ord":4,"flow":44.542,"coords":[[94.45625,18.15208],[94.44792,18.14375],[94.44792,18.13958]]},{"id":41240353,"ord":3,"flow":4.115,"coords":[[94.47708,18.11458],[94.46458,18.11458],[94.46042,18.11042]]}]}