{"schemaVersion":"visual-china.rivers-chunk.v1","chunkX":20,"chunkZ":7,"bounds":{"west":93.48,"east":94.504,"north":46.832,"south":45.808},"minOrder":3,"polylineCount":1,"polylines":[{"id":40160355,"ord":3,"flow":0.032,"coords":[[93.63542,45.81875],[93.63125,45.81458],[93.63125,45.81042],[93.62708,45.80625]]}]}