{"schemaVersion":"visual-china.rivers-chunk.v1","chunkX":22,"chunkZ":7,"bounds":{"west":95.52799999999999,"east":96.55199999999999,"north":46.832,"south":45.808},"minOrder":3,"polylineCount":3,"polylines":[{"id":40152040,"ord":3,"flow":0.026,"coords":[[96.49792,46.08542],[96.50208,46.08125],[96.50625,46.08125],[96.51042,46.07708],[96.51042,46.06875]]},{"id":40152322,"ord":3,"flow":0.029,"coords":[[96.51042,46.06875],[96.51458,46.06458],[96.51875,46.06458],[96.51875,46.06042]]},{"id":40155034,"ord":3,"flow":0.037,"coords":[[96.51875,46.06042],[96.51458,46.05625],[96.51458,46.04792],[96.51875,46.04375],[96.51875,46.03958],[96.52292,46.03542],[96.52292,46.02708],[96.51875,46.02292],[96.52292,46.01875],[96.52292,46.01458],[96.52708,46.01042],[96.52292,46.00625],[96.52292,45.99792],[96.52708,45.99375],[96.53125,45.99375],[96.53542,45.98958],[96.53958,45.98958],[96.54375,45.98542],[96.55208,45.98542]]}]}