{"schemaVersion":"visual-china.rivers-chunk.v1","chunkX":3,"chunkZ":4,"bounds":{"west":76.072,"east":77.096,"north":49.903999999999996,"south":48.879999999999995},"minOrder":3,"polylineCount":3,"polylines":[{"id":40079809,"ord":3,"flow":0.013,"coords":[[76.83125,48.93542],[76.82708,48.93125],[76.82292,48.93125],[76.81875,48.92708],[76.81875,48.91875]]},{"id":40079881,"ord":3,"flow":0.018,"coords":[[76.81875,48.91875],[76.81458,48.91458]]},{"id":40080879,"ord":3,"flow":0.023,"coords":[[76.81458,48.91458],[76.80625,48.90625],[76.79375,48.90625],[76.78958,48.90208],[76.78958,48.89792],[76.78542,48.89792],[76.78125,48.89375],[76.77708,48.89375],[76.76875,48.88542],[76.76875,48.87292]]}]}