{"schemaVersion":"visual-china.rivers-chunk.v1","chunkX":45,"chunkZ":15,"bounds":{"west":119.08,"east":120.104,"north":38.64,"south":37.616},"minOrder":3,"polylineCount":1,"polylines":[{"id":40417973,"ord":8,"flow":1490.635,"coords":[[119.08542,37.77292],[119.08958,37.76875],[119.09792,37.76875],[119.10208,37.76458],[119.10625,37.76458],[119.11042,37.76042],[119.12292,37.76042],[119.12708,37.75625],[119.13958,37.75625],[119.14375,37.76042],[119.16458,37.76042],[119.17292,37.76875]]}]}