{"schemaVersion":"visual-china.rivers-chunk.v1","chunkX":45,"chunkZ":30,"bounds":{"west":119.08,"east":120.104,"north":23.28,"south":22.256},"minOrder":3,"polylineCount":2,"polylines":[{"id":41075667,"ord":4,"flow":56.318,"coords":[[120.09792,23.08125],[120.08125,23.06458]]},{"id":41076338,"ord":4,"flow":56.414,"coords":[[120.08125,23.06458],[120.06875,23.05208]]}]}