{"schemaVersion":"visual-china.rivers-chunk.v1","chunkX":46,"chunkZ":31,"bounds":{"west":120.104,"east":121.128,"north":22.256,"south":21.232},"minOrder":3,"polylineCount":1,"polylines":[{"id":41128390,"ord":3,"flow":3.286,"coords":[[120.81458,21.99792],[120.82292,21.98958],[120.83958,21.98958],[120.84375,21.98542]]}]}