{"schemaVersion":"visual-china.rivers-chunk.v1","chunkX":47,"chunkZ":25,"bounds":{"west":121.128,"east":122.152,"north":28.4,"south":27.375999999999998},"minOrder":3,"polylineCount":1,"polylines":[{"id":40765524,"ord":3,"flow":5.485,"coords":[[121.14792,28.39792],[121.15625,28.38958],[121.16458,28.38958],[121.17708,28.37708]]}]}