{"schemaVersion":"visual-china.rivers-chunk.v1","chunkX":52,"chunkZ":19,"bounds":{"west":126.248,"east":127.272,"north":34.544,"south":33.519999999999996},"minOrder":3,"polylineCount":3,"polylines":[{"id":40529246,"ord":3,"flow":3.213,"coords":[[126.46875,34.53958],[126.46458,34.53958]]},{"id":40533235,"ord":3,"flow":1.658,"coords":[[126.52292,34.41458],[126.51458,34.41458]]},{"id":40533236,"ord":3,"flow":1.374,"coords":[[126.54375,34.43125],[126.53542,34.43125],[126.53125,34.42708],[126.53125,34.42292],[126.52292,34.41458]]}]}