{"schemaVersion":"visual-china.rivers-chunk.v1","chunkX":52,"chunkZ":20,"bounds":{"west":126.248,"east":127.272,"north":33.519999999999996,"south":32.495999999999995},"minOrder":3,"polylineCount":1,"polylines":[{"id":40570556,"ord":3,"flow":1.308,"coords":[[126.60625,33.28958],[126.61042,33.28542],[126.61458,33.28542],[126.61458,33.28125],[126.62292,33.27292],[126.62292,33.25208]]}]}