{"schemaVersion":"visual-china.rivers-chunk.v1","chunkX":54,"chunkZ":14,"bounds":{"west":128.296,"east":129.32,"north":39.664,"south":38.64},"minOrder":3,"polylineCount":3,"polylines":[{"id":40391123,"ord":3,"flow":19.922,"coords":[[128.29792,38.67292],[128.30208,38.67292],[128.30625,38.66875],[128.31458,38.66875],[128.31875,38.66458]]},{"id":40391242,"ord":3,"flow":21.118,"coords":[[128.31875,38.66458],[128.33958,38.66458],[128.34375,38.66042],[128.34792,38.66042]]},{"id":40391243,"ord":3,"flow":21.525,"coords":[[128.34792,38.66042],[128.35208,38.66042],[128.35625,38.66458]]}]}