{"schemaVersion":"visual-china.rivers-chunk.v1","chunkX":54,"chunkZ":20,"bounds":{"west":128.296,"east":129.32,"north":33.519999999999996,"south":32.495999999999995},"minOrder":3,"polylineCount":1,"polylines":[{"id":40587113,"ord":3,"flow":2.533,"coords":[[128.76875,32.75208],[128.76458,32.75625]]}]}