{"schemaVersion":"visual-china.rivers-chunk.v1","chunkX":56,"chunkZ":23,"bounds":{"west":130.344,"east":131.368,"north":30.448,"south":29.424},"minOrder":3,"polylineCount":1,"polylines":[{"id":40667581,"ord":3,"flow":2.748,"coords":[[130.56458,30.41458],[130.57708,30.42708]]}]}