{"schemaVersion":"visual-china.rivers-chunk.v1","chunkX":59,"chunkZ":17,"bounds":{"west":133.416,"east":134.44,"north":36.592,"south":35.568},"minOrder":3,"polylineCount":1,"polylines":[{"id":40491757,"ord":3,"flow":4.418,"coords":[[134.31875,35.56875],[134.29792,35.56875],[134.28958,35.57708]]}]}